# x,y
0.000000,0.000000
0.202326,0.035763
0.398758,0.088897
0.596378,0.148114
0.800887,0.213472
1.003237,0.279376
1.196651,0.344343
1.394707,0.411443
1.595886,0.478389
1.798688,0.546024
2.002417,0.613981
2.206666,0.682111
2.411203,0.750338
2.615901,0.818618
2.820689,0.886929
3.025528,0.955256
3.230364,1.023583
3.434924,1.092314
3.639255,1.161334
3.843300,1.229640
4.046713,1.299022
4.250560,1.367488
4.454150,1.436300
4.658026,1.505509
4.862209,1.574775
5.066555,1.644095
5.270991,1.713446
5.475478,1.782814
5.679994,1.852192
5.884525,1.921575
6.089064,1.990961
6.293609,2.060349
6.497779,2.129986
6.701593,2.199313
6.905360,2.268354
7.108867,2.337656
7.312206,2.407198
7.515845,2.477096
7.719791,2.547053
7.923901,2.617064
8.128101,2.687107
8.332352,2.757167
8.536632,2.827236
8.740927,2.897311
8.945230,2.967389
9.149539,3.037469
9.353851,3.107550
9.558163,3.177631
9.762477,3.247712
9.966791,3.317794
10.170226,3.388602
10.373616,3.458951
10.576268,3.529687
10.775974,3.596859
10.970377,3.655685
11.173147,3.707330
11.380777,3.756234
11.576393,3.805187
11.772747,3.854267
11.968513,3.903086
12.165821,3.950386
12.363349,3.999623
12.566863,4.059700
12.769713,4.124992
12.973381,4.189547
13.178167,4.243377
13.388603,4.295213
13.586267,4.340741
13.784685,4.387239
13.982759,4.434727
14.189473,4.491491
14.394416,4.554113
14.586599,4.610413
14.790313,4.659671
14.996517,4.708818
15.206031,4.764270
15.412958,4.823922
15.608597,4.891434
15.806007,4.962302
15.996307,5.025827
16.198626,5.097484
16.390668,5.175700
16.579038,5.269726
16.757795,5.364947
16.945172,5.465523
17.123131,5.559643
17.304920,5.650017
17.486930,5.734319
17.683255,5.815545
17.880952,5.898862
18.067369,5.989840
18.248113,6.087653
18.432342,6.191505
18.608276,6.300227
18.785220,6.414742
18.952687,6.524523
19.137506,6.627291
19.334698,6.710185
19.519821,6.789839
19.708446,6.880541
19.892302,6.983646
20.061528,7.098463
20.227718,7.215333
20.399526,7.338103
20.574071,7.450179
20.755066,7.561347
20.938805,7.671672
21.126068,7.775879
21.300687,7.873393
21.479137,7.984321
21.653255,8.110024
21.814687,8.233803
21.969334,8.364567
22.126986,8.501914
22.289189,8.641243
22.452520,8.762559
22.623878,8.879536
22.791187,9.002550
22.940598,9.140540
23.063873,9.312134
23.164778,9.497843
23.238433,9.690063
23.296456,9.885792
23.315527,10.091930
23.288671,10.294124
23.239686,10.494448
23.181610,10.696224
23.119653,10.894707
23.056017,11.093022
22.993255,11.283889
22.927344,11.479979
22.860842,11.680039
22.793587,11.882264
22.725924,12.085699
22.658037,12.289809
22.590024,12.494296
22.521941,12.698992
22.453961,12.903606
22.386217,13.106490
22.319859,13.307511
22.252333,13.507513
22.187778,13.706535
22.122036,13.905367
22.062306,14.101526
22.005523,14.298769
21.948066,14.495568
21.895870,14.691023
21.841232,14.886517
21.789083,15.084492
21.734035,15.279252
21.679372,15.474855
21.621814,15.668669
21.561198,15.863546
21.499128,16.058676
21.439677,16.265923
21.386134,16.460758
21.329282,16.653610
21.272392,16.849531
21.212443,17.043879
21.149498,17.235612
21.091280,17.427361
21.034115,17.622360
20.978347,17.820004
20.919772,18.011427
20.850410,18.213068
20.786259,18.403822
20.724394,18.598694
20.663004,18.795861
20.600360,18.990886
20.540900,19.187108
20.482487,19.384424
20.427274,19.592249
20.380884,19.801233
20.334097,19.997151
20.278906,20.203040
20.219933,20.409915
20.157210,20.617286
20.090108,20.823212
20.027914,21.017567
19.969010,21.211592
19.918593,21.413667
19.870076,21.622562
19.820356,21.818567
19.754296,22.014743
19.672735,22.200251
19.572470,22.388872
19.457924,22.558139
19.337255,22.723371
19.214173,22.884444
19.096217,23.054231
18.982199,23.230199
18.867422,23.403841
18.732069,23.563203
18.585019,23.700518
18.425622,23.822979
18.251496,23.935242
18.072589,24.039539
17.894061,24.144353
17.708388,24.248860
17.532703,24.345174
17.341493,24.441447
17.149347,24.531743
16.956353,24.613065
16.767765,24.680162
16.561082,24.741987
16.354149,24.793034
16.150623,24.829247
15.946472,24.849718
15.747052,24.867661
15.542079,24.876221
15.332113,24.892741
15.121238,24.915440
14.913557,24.923976
14.700268,24.927903
14.497149,24.930641
14.289852,24.934295
14.080178,24.937088
13.869766,24.938070
13.658602,24.939507
13.447031,24.941787
13.235897,24.944472
13.025145,24.945021
12.814242,24.945948
12.602826,24.948217
12.392104,24.950417
12.180923,24.952535
11.969846,24.954440
11.759236,24.955678
11.548545,24.956845
11.338605,24.956756
11.127552,24.956659
10.916216,24.957589
10.704486,24.957542
10.493175,24.958068
10.282827,24.956714
10.073131,24.957651
9.862191,24.959891
9.652515,24.960393
9.441973,24.960028
9.231120,24.958217
9.020160,24.954855
8.810313,24.953786
8.600002,24.953106
8.388616,24.952332
8.176942,24.951368
7.965668,24.950992
7.755175,24.949602
7.544346,24.947806
7.333469,24.945424
7.122493,24.943920
6.911699,24.942071
6.700468,24.939499
6.488989,24.938737
6.277831,24.937676
6.067020,24.935148
5.855927,24.932098
5.644494,24.928486
5.432858,24.924766
5.220928,24.922149
5.008693,24.918954
4.796194,24.916524
4.583735,24.914080
4.371627,24.910428
4.159588,24.906531
3.947205,24.902122
3.734630,24.896700
3.521912,24.891377
3.308879,24.884588
3.095264,24.878676
2.881460,24.871584
2.666994,24.863844
2.452013,24.856276
2.236640,24.848702
2.021049,24.841117
1.805335,24.833528
1.589554,24.825937
1.373735,24.818344
1.158616,24.809814
0.943480,24.800611
0.728042,24.791566
0.512439,24.782519
0.296744,24.773468
0.080998,24.764415
-0.134776,24.755361
-0.350566,24.746306
-0.566365,24.737250
-0.782169,24.728195
-0.997976,24.719139
-1.213784,24.710083
-1.429593,24.701027
-1.645402,24.691971
-1.861212,24.682916
-2.077022,24.673860
-2.292832,24.664804
-2.508642,24.655748
-2.724452,24.646692
-2.940262,24.637636
-3.156072,24.628581
-3.371882,24.619525
-3.587692,24.610469
-3.803502,24.601413
-4.019312,24.592357
-4.235122,24.583301
-4.450932,24.574245
-4.666742,24.565190
-4.882553,24.556134
-5.098363,24.547078
-5.314173,24.538022
-5.529983,24.528966
-5.745793,24.519910
-5.961603,24.510854
-6.177413,24.501799
-6.393223,24.492743
-6.609033,24.483687
-6.824102,24.473468
-7.039277,24.462878
-7.254706,24.452373
-7.470275,24.441863
-7.685921,24.431349
-7.901610,24.420833
-8.117324,24.410316
-8.333051,24.399798
-8.548785,24.389280
-8.764328,24.378772
-8.970114,24.371775
-9.185276,24.372770
-9.399578,24.381158
-9.609306,24.390036
-9.815927,24.385036
-10.029109,24.376675
-10.244640,24.377053
-10.459757,24.383937
-10.669346,24.385456
-10.879990,24.376922
-11.094788,24.374811
-11.295909,24.377776
-11.498898,24.384008
-11.700227,24.393247
-11.899750,24.407552
-12.113024,24.430405
-12.322085,24.455592
-12.529744,24.460628
-12.739066,24.451961
-12.942446,24.437839
-13.153665,24.425995
-13.368383,24.422233
-13.582489,24.424823
-13.795908,24.435655
-14.007566,24.447511
-14.218221,24.439758
-14.420863,24.427651
-14.631161,24.416135
-14.844501,24.395805
-15.046506,24.375233
-15.248625,24.358409
-15.464221,24.349224
-15.678415,24.346870
-15.892715,24.352612
-16.096659,24.353133
-16.305670,24.334667
-16.508475,24.311092
-16.720254,24.292927
-16.934763,24.281250
-17.150979,24.276062
-17.366534,24.269081
-17.570072,24.249807
-17.779916,24.240545
-17.993519,24.237338
-18.207419,24.240237
-18.418392,24.246551
-18.619833,24.230178
-18.823694,24.199720
-19.025062,24.170275
-19.234797,24.149011
-19.447435,24.140039
-19.650426,24.146634
-19.853788,24.153987
-20.062059,24.144054
-20.276750,24.129836
-20.490904,24.114288
-20.692357,24.078303
-20.903506,24.037475
-21.107111,24.008774
-21.316347,23.981993
-21.522496,23.962800
-21.728404,23.967312
-21.940302,23.973746
-22.147728,23.973552
-22.351661,23.940858
-22.554439,23.887347
-22.742170,23.817451
-22.937342,23.742515
-23.127891,23.673968
-23.334838,23.623653
-23.541492,23.599501
-23.743957,23.599342
-23.943790,23.583117
-24.149827,23.538116
-24.344185,23.465045
-24.524569,23.376753
-24.712146,23.277693
-24.895337,23.189228
-25.086166,23.106664
-25.278064,23.034717
-25.469809,22.974840
-25.669442,22.917310
-25.857516,22.848372
-26.041912,22.763217
-26.226437,22.656701
-26.405432,22.544712
-26.580067,22.431581
-26.747721,22.321792
-26.919262,22.207714
-27.094078,22.091143
-27.271175,21.973299
-27.449619,21.854929
-27.628784,21.736173
-27.808326,21.617145
-27.988084,21.497972
-28.167963,21.378720
-28.347909,21.259424
-28.527892,21.140102
-28.707896,21.020767
-28.887912,20.901424
-29.067958,20.782332
-29.248049,20.663828
-29.428242,20.545262
-29.608537,20.426612
-29.788894,20.307921
-29.969284,20.189207
-30.149694,20.070481
-30.330095,19.951846
-30.510040,19.833502
-30.689835,19.715443
-30.869957,19.597604
-31.050414,19.479767
-31.231001,19.362053
-31.411003,19.244272
-31.591052,19.126867
-31.771205,19.009188
-31.951838,18.891963
-32.132136,18.775135
-32.312239,18.657957
-32.488624,18.543171
-32.651742,18.416397
-32.779807,18.253908
-32.866263,18.072535
-32.941197,17.877047
-33.039057,17.698494
-33.176093,17.543798
-33.344106,17.422245
-33.527768,17.327616
-33.717216,17.247747
-33.914567,17.165982
-34.105816,17.070702
-34.281876,16.970235
-34.464162,16.863316
-34.650619,16.760652
-34.834767,16.681555
-35.033407,16.615220
-35.239762,16.565002
-35.441335,16.524839
-35.641997,16.502022
-35.842622,16.472878
-36.041437,16.433107
-36.237033,16.384299
-36.440435,16.332792
-36.641209,16.284141
-36.850060,16.259237
-37.061422,16.253714
-37.261810,16.262907
-37.464765,16.299612
-37.659909,16.351131
-37.862354,16.401511
-38.064558,16.444172
-38.273649,16.485187
-38.483678,16.532728
-38.692964,16.581066
-38.890520,16.646754
-39.079652,16.725161
-39.264325,16.821395
-39.438386,16.940446
-39.609711,17.069137
-39.766189,17.194006
-39.932704,17.321570
-40.104671,17.441035
-40.279462,17.552954
-40.447805,17.668119
-40.608649,17.807021
-40.747176,17.955782
-40.866994,18.116564
-40.982267,18.294221
-41.093800,18.460341
-41.213850,18.630835
-41.341541,18.791720
-41.477875,18.947775
-41.616140,19.110981
-41.739906,19.275432
-41.847665,19.449881
-41.950522,19.635954
-42.048428,19.820349
-42.141723,19.998255
-42.236120,20.182008
-42.332536,20.369310
-42.429812,20.556396
-42.527710,20.742785
-42.625911,20.928270
-42.723598,21.114604
-42.821476,21.299573
-42.919547,21.477075
-43.020739,21.650469
-43.122925,21.826128
-43.228199,22.001085
-43.334137,22.178228
-43.440897,22.355146
-43.548958,22.531019
-43.657087,22.704853
-43.757504,22.878116
-43.860576,23.054065
-43.963805,23.230764
-44.066184,23.408841
-44.167162,23.587670
-44.265949,23.767921
-44.366950,23.946871
-44.469543,24.121356
-44.575210,24.291346
-44.678560,24.464478
-44.782175,24.639485
-44.886152,24.814245
-44.993318,24.986738
-45.099050,25.170846
-45.194229,25.355926
-45.288572,25.548905
-45.375355,25.731633
-45.470981,25.924755
-45.572612,26.101717
-45.680165,26.279908
-45.791108,26.465281
-45.895996,26.639643
-45.999367,26.814564
-46.102610,27.003492
-46.191245,27.187023
-46.271987,27.374456
-46.361085,27.561877
-46.458442,27.741209
-46.559023,27.927238
-46.663764,28.114054
-46.775586,28.297188
-46.880633,28.471035
-46.983465,28.646253
-47.084805,28.823147
-47.183937,29.000498
-47.277884,29.178447
-47.366325,29.358108
-47.453777,29.548577
-47.527601,29.738345
-47.600413,29.934545
-47.672765,30.121962
-47.744457,30.325578
-47.811349,30.531512
-47.865485,30.730001
-47.911930,30.938962
-47.938164,31.139735
-47.958255,31.347960
-47.961031,31.554925
-47.965511,31.755399
-47.980862,31.961428
-48.002506,32.171359
-48.006776,32.382649
-47.993282,32.583794
-47.957058,32.780941
-47.903937,32.982057
-47.849150,33.189104
-47.797330,33.394891
-47.746584,33.591015
-47.695000,33.787093
-47.642164,33.983212
-47.576611,34.172818
-47.493746,34.363168
-47.399477,34.550213
-47.285875,34.726713
-47.164662,34.890495
-47.042072,35.051321
-46.909489,35.213591
-46.776623,35.382032
-46.641962,35.547855
-46.503078,35.704229
-46.361260,35.858841
-46.210784,35.993360
-46.044152,36.114586
-45.874351,36.224709
-45.703609,36.330556
-45.521957,36.437448
-45.349749,36.540107
-45.175221,36.645076
-44.998491,36.750154
-44.810352,36.856373
-44.627440,36.945001
-44.442271,37.023759
-44.243265,37.094013
-44.040717,37.149611
-43.839570,37.189115
-43.632694,37.218251
-43.430753,37.244829
-43.224346,37.274532
-43.018343,37.294531
-42.809409,37.323005
-42.598460,37.334534
-42.386639,37.331500
-42.180777,37.323798
-41.965716,37.314553
-41.761178,37.303924
-41.552191,37.292082
-41.340237,37.280437
-41.126831,37.269834
-40.912436,37.259186
-40.697449,37.248473
-40.482133,37.237743
-40.266632,37.227004
-40.051029,37.216260
-39.835369,37.205512
-39.619677,37.194764
-39.403967,37.184014
-39.188247,37.173264
-38.972522,37.162513
-38.756793,37.151763
-38.541063,37.141012
-38.325332,37.130261
-38.109600,37.119511
-37.893868,37.108760
-37.678136,37.098009
-37.462404,37.087258
-37.246672,37.076507
-37.030940,37.065757
-36.815207,37.055006
-36.600145,37.045323
-36.385056,37.036201
-36.169656,37.026933
-35.954078,37.017655
-35.738402,37.008372
-35.522671,36.999086
-35.306910,36.989800
-35.091131,36.980512
-34.875343,36.971224
-34.659549,36.961936
-34.443753,36.952648
-34.227955,36.943360
-34.012156,36.934071
-33.796367,36.924784
-33.581327,36.916871
-33.366053,36.909139
-33.150522,36.901327
-32.934846,36.893508
-32.719090,36.885686
-32.503339,36.877865
-32.296251,36.866440
-32.094429,36.848559
-31.893620,36.830319
-31.683573,36.800976
-31.475351,36.765103
-31.266060,36.738313
-31.057148,36.707948
-30.845728,36.697032
-30.641729,36.692041
-30.432625,36.677085
-30.219054,36.658234
-30.004239,36.633587
-29.804440,36.609166
-29.591734,36.577261
-29.394328,36.544808
-29.183660,36.503767
-28.987539,36.464056
-28.779274,36.414210
-28.583929,36.371122
-28.384591,36.334430
-28.176735,36.320324
-27.976069,36.318676
-27.771084,36.331837
-27.568136,36.333695
-27.357133,36.329932
-27.146737,36.316961
-26.943783,36.310112
-26.739994,36.325804
-26.527365,36.346478
-26.318812,36.357575
-26.105861,36.366020
-25.904537,36.385540
-25.701923,36.410415
-25.493815,36.432809
-25.296213,36.469093
-25.089388,36.504285
-24.883156,36.545176
-24.672743,36.576471
-24.458338,36.606755
-24.243025,36.631107
-24.042203,36.654700
-23.841799,36.678635
-23.643626,36.705833
-23.440648,36.741462
-23.240472,36.784172
-23.037736,36.832166
-22.836452,36.886223
-22.638208,36.947395
-22.437258,37.014664
-22.234503,37.074281
-22.027182,37.127979
-21.831122,37.179515
-21.627172,37.238334
-21.434584,37.305996
-21.236005,37.386355
-21.047856,37.479084
-20.867293,37.574795
-20.677612,37.674766
-20.485071,37.767742
-20.293389,37.847202
-20.099823,37.917375
-19.897781,37.991799
-19.704746,38.072254
-19.525889,38.167721
-19.358887,38.283827
-19.199542,38.406831
-19.037513,38.528460
-18.869448,38.643357
-18.685638,38.737803
-18.491749,38.822156
-18.307553,38.904831
-18.118866,39.005530
-17.943347,39.124447
-17.788930,39.263261
-17.646926,39.411470
-17.507864,39.564387
-17.353271,39.710329
-17.185814,39.839327
-17.017468,39.960593
-16.851196,40.080040
-16.680809,40.200122
-16.522372,40.325615
-16.378651,40.472974
-16.249178,40.633420
-16.130375,40.798231
-16.016018,40.964600
-15.892000,41.124633
-15.759730,41.276710
-15.620130,41.425109
-15.473301,41.566194
-15.324817,41.715126
-15.187097,41.869540
-15.056333,42.039104
-14.932679,42.204188
-14.819690,42.373903
-14.700901,42.544231
-14.575419,42.713984
-14.445342,42.881625
-14.308736,43.047097
-14.169593,43.209240
-14.036803,43.372932
-13.919288,43.539952
-13.811528,43.709468
-13.701746,43.886827
-13.592377,44.071512
-13.489030,44.258675
-13.392090,44.435266
-13.292755,44.613339
-13.193261,44.791613
-13.095639,44.971676
-12.996079,45.161887
-12.921079,45.350353
-12.856145,45.544573
-12.802798,45.746321
-12.762036,45.948886
-12.751384,46.152994
-12.788963,46.349881
-12.866002,46.534690
-12.979221,46.705161
-13.122990,46.851308
-13.288173,46.966345
-13.478435,47.056205
-13.670519,47.113517
-13.870582,47.155513
-14.072597,47.185852
-14.282134,47.212745
-14.490203,47.240369
-14.690848,47.266261
-14.895890,47.292466
-15.103403,47.318509
-15.312505,47.342976
-15.522314,47.366890
-15.731855,47.392117
-15.941835,47.417956
-16.151760,47.443246
-16.361724,47.468672
-16.571811,47.494173
-16.782202,47.520592
-16.992453,47.546781
-17.202448,47.572407
-17.412652,47.597791
-17.622572,47.623352
-17.832792,47.650268
-18.043301,47.677061
-18.253544,47.704438
-18.463927,47.731318
-18.673745,47.759921
-18.882683,47.788056
-19.091706,47.814665
-19.301506,47.841340
-19.511543,47.867812
-19.721272,47.895234
-19.931385,47.922959
-20.141556,47.951443
-20.352048,47.980183
-20.561855,48.008146
-20.771779,48.037466
-20.981446,48.067380
-21.190948,48.096069
-21.400855,48.124518
-21.611377,48.154089
-21.821840,48.181878
-22.032821,48.208257
-22.243285,48.236283
-22.453496,48.266028
-22.663540,48.296110
-22.873450,48.324955
-23.083201,48.353292
-23.293454,48.381221
-23.503767,48.410135
-23.714140,48.437837
-23.924294,48.466316
-24.134169,48.495617
-24.344235,48.524677
-24.554249,48.553698
-24.764258,48.585094
-24.973478,48.616210
-25.183047,48.645226
-25.393035,48.675452
-25.602254,48.705883
-25.811867,48.736339
-26.021421,48.768109
-26.230577,48.799397
-26.439989,48.830904
-26.649609,48.860659
-26.859792,48.890350
-27.069180,48.921333
-27.278897,48.952759
-27.488864,48.984337
-27.698743,49.014709
-27.908402,49.046071
-28.118166,49.076629
-28.324964,49.104537
-28.530298,49.128893
-28.734574,49.154151
-28.950124,49.172914
-29.165207,49.183259
-29.365613,49.187921
-29.567702,49.194142
-29.781294,49.192895
-29.996587,49.185695
-30.209586,49.187805
-30.410675,49.210668
-30.624226,49.239663
-30.833324,49.271062
-31.032812,49.301616
-31.235239,49.330466
-31.437804,49.353811
-31.640896,49.381402
-31.840220,49.402801
-32.053778,49.424418
-32.252423,49.447692
-32.453111,49.464953
-32.652973,49.488706
-32.854009,49.509680
-33.054880,49.532052
-33.254804,49.559288
-33.456332,49.584754
-33.658590,49.613136
-33.861883,49.638916
-34.066478,49.667744
-34.272320,49.696030
-34.478906,49.726658
-34.686631,49.754615
-34.895019,49.784238
-35.104513,49.814469
-35.314519,49.844912
-35.524800,49.875225
-35.734947,49.905747
-35.944899,49.936929
-36.154970,49.967000
-36.365071,49.996650
-36.575391,50.026972
-36.785550,50.058228
-36.995560,50.088968
-37.205643,50.119199
-37.415781,50.148822
-37.626389,50.177187
-37.837003,50.206546
-38.047821,50.235880
-38.258585,50.265077
-38.469390,50.294754
-38.680023,50.323549
-38.890477,50.352342
-39.101028,50.382263
-39.311415,50.410184
-39.522486,50.438055
-39.733605,50.466115
-39.944820,50.494996
-40.155607,50.522370
-40.366817,50.548636
-40.578095,50.573907
-40.788846,50.600365
-40.999953,50.628354
-41.211231,50.654603
-41.423081,50.681365
-41.635175,50.707935
-41.847759,50.734061
-42.060753,50.759409
-42.273859,50.785695
-42.487121,50.811400
-42.700584,50.836622
-42.913711,50.861316
-43.126993,50.886141
-43.340616,50.910027
-43.554676,50.934113
-43.768992,50.958245
-43.983454,50.982394
-44.197996,51.006552
-44.412583,51.030715
-44.627195,51.054880
-44.841821,51.079048
-45.056454,51.103216
-45.271092,51.127385
-45.485733,51.151554
-45.700375,51.175723
-45.915017,51.199893
-46.129660,51.224062
-46.344304,51.248231
-46.558947,51.272401
-46.773590,51.296570
-46.988234,51.320739
-47.202877,51.344909
-47.417521,51.369078
-47.632164,51.393248
-47.846808,51.417417
-48.061451,51.441586
-48.276095,51.465756
-48.490554,51.489723
-48.704681,51.512568
-48.919049,51.535589
-49.133591,51.558644
-49.348231,51.581709
-49.562926,51.604781
-49.777651,51.627856
-49.992393,51.650933
-50.207144,51.674011
-50.421901,51.697089
-50.636661,51.720168
-50.851373,51.743229
-51.066012,51.765801
-51.280717,51.788503
-51.495464,51.811212
-51.710236,51.833923
-51.925022,51.856636
-52.139814,51.879350
-52.354611,51.902065
-52.566869,51.924976
-52.778047,51.946525
-52.984184,51.970800
-53.187460,51.995604
-53.395208,52.037195
-53.597755,52.090296
-53.797960,52.144092
-54.006069,52.200508
-54.199632,52.250908
-54.402538,52.301769
-54.611070,52.336995
-54.825146,52.363545
-55.032964,52.396168
-55.244771,52.430317
-55.458754,52.463083
-55.656782,52.496889
-55.869087,52.537982
-56.078977,52.583237
-56.288343,52.633968
-56.483445,52.682596
-56.688631,52.726110
-56.887130,52.759861
-57.094904,52.777199
-57.295053,52.785932
-57.504127,52.790588
-57.704490,52.793662
-57.909712,52.795802
-58.112199,52.802929
-58.326759,52.817385
-58.530897,52.839958
-58.731344,52.879939
-58.930799,52.918619
-59.138761,52.952478
-59.341596,52.982637
-59.548725,52.993331
-59.749280,52.999332
-59.957978,53.014570
-60.173967,53.032062
-60.387927,53.056181
-60.601135,53.085476
-60.805275,53.099376
-61.013509,53.116100
-61.223699,53.140776
-61.435361,53.147788
-61.635980,53.144268
-61.846123,53.137607
-62.047194,53.130210
-62.250662,53.123039
-62.452462,53.120087
-62.666443,53.125212
-62.879538,53.135740
-63.086657,53.133181
-63.298618,53.124872
-63.512542,53.124196
-63.726901,53.131875
-63.937457,53.134160
-64.147682,53.125518
-64.361297,53.121616
-64.576462,53.124573
-64.776955,53.132596
-64.985394,53.133226
-65.193629,53.122975
-65.407394,53.120391
-65.622143,53.124065
-65.837251,53.135018
-66.040231,53.133626
-66.245337,53.122872
-66.457408,53.120115
-66.670871,53.124513
-66.885324,53.135284
-67.086363,53.131788
-67.290805,53.121014
-67.501205,53.119511
-67.715479,53.125153
-67.918701,53.136678
-68.128534,53.154884
-68.337208,53.153509
-68.547628,53.138077
-68.752271,53.117780
-68.964585,53.105132
-69.179724,53.099441
-69.380979,53.096636
-69.581201,53.100199
-69.793632,53.111566
-70.005554,53.130993
-70.209586,53.132811
-70.417650,53.111423
-70.625752,53.083628
-70.827454,53.049517
-71.038616,53.018326
-71.237966,52.987408
-71.436872,52.962903
-71.637401,52.935275
-71.852495,52.910880
-72.052916,52.891808
-72.253122,52.869555
-72.453558,52.850506
-72.660290,52.819576
-72.871353,52.788823
-73.069473,52.757985
-73.283940,52.730351
-73.492900,52.694269
-73.705627,52.665151
-73.904039,52.639605
-74.117118,52.618097
-74.330292,52.586700
-74.536471,52.566108
-74.745789,52.545270
-74.957816,52.521740
-75.165341,52.486841
-75.349556,52.397462
-75.512290,52.270031
-75.644948,52.111616
-75.741824,51.929112
-75.798673,51.730464
-75.813039,51.524341
-75.784271,51.319731
-75.713649,51.125553
-75.608947,50.954224
-75.484238,50.790228
-75.349964,50.628147
-75.213267,50.470275
-75.075551,50.312730
-74.941451,50.161858
-74.802646,50.007376
-74.661664,49.849903
-74.519324,49.690888
-74.376222,49.531021
-74.232695,49.370678
-74.088930,49.210071
-73.945034,49.049316
-73.801064,48.888479
-73.657052,48.727596
-73.513018,48.566688
-73.368972,48.405765
-73.224918,48.244835
-73.080860,48.083899
-72.936800,47.922962
-72.792738,47.762023
-72.648676,47.601083
-72.504614,47.440143
-72.360651,47.279208
-72.217046,47.118083
-72.073327,46.956975
-71.930385,46.795809
-71.787414,46.635073
-71.644506,46.474464
-71.502331,46.313083
-71.359710,46.151550
-71.216931,45.989852
-71.074068,45.828059
-70.931157,45.666213
-70.788221,45.504338
-70.645270,45.342446
-70.502311,45.180544
-70.359347,45.018638
-70.216381,44.856729
-70.073414,44.694818
-69.930445,44.532906
-69.787476,44.370994
-69.644731,44.209736
-69.503048,44.051460
-69.364105,43.898880
-69.215289,43.752501
-69.061568,43.614723
-68.900724,43.475553
-68.753182,43.339802
-68.602188,43.189821
-68.461829,43.035489
-68.320526,42.873995
-68.187232,42.719898
-68.052520,42.561299
-67.917110,42.407555
-67.779333,42.261952
-67.628258,42.117721
-67.471456,41.975029
-67.323855,41.838166
-67.174021,41.685781
-67.030751,41.528191
-66.896239,41.377973
-66.749843,41.225444
-66.600030,41.087013
-66.451918,40.941092
-66.309339,40.786827
-66.169129,40.626082
-66.030303,40.460202
-65.888918,40.304645
-65.742564,40.164544
-65.589180,40.032175
-65.426704,39.899283
-65.265976,39.759002
-65.114055,39.607603
-64.977083,39.449537
-64.845202,39.293140
-64.721973,39.130015
-64.599062,38.958753
-64.470713,38.794504
-64.328490,38.637486
-64.164521,38.505634
-64.001241,38.389531
-63.840613,38.257921
-63.699379,38.102672
-63.576666,37.940688
-63.458177,37.772683
-63.346413,37.604067
-63.232102,37.428470
-63.103663,37.269686
-62.963952,37.113303
-62.823045,36.963757
-62.673614,36.812101
-62.525271,36.656979
-62.396277,36.496256
-62.280111,36.317908
-62.171463,36.136316
-62.063233,35.957576
-61.958031,35.786676
-61.851446,35.614020
-61.743236,35.443528
-61.623485,35.269131
-61.497084,35.104384
-61.374666,34.932293
-61.264204,34.758291
-61.157386,34.577699
-61.048085,34.390440
-60.944240,34.215788
-60.830402,34.046660
-60.702848,33.891332
-60.562891,33.729473
-60.435182,33.568230
-60.316070,33.401445
-60.206030,33.229939
-60.099290,33.051871
-59.987805,32.866958
-59.882432,32.692153
-59.779338,32.515471
-59.675934,32.336733
-59.571984,32.156629
-59.468526,31.979337
-59.363081,31.802974
-59.261310,31.625736
-59.161824,31.445482
-59.062413,31.262114
-58.963154,31.076182
-58.863847,30.889641
-58.762416,30.704111
-58.661885,30.517454
-58.560864,30.330633
-58.460339,30.144008
-58.358868,29.958705
-58.255955,29.773482
-58.154826,29.587356
-58.052885,29.401058
-57.949886,29.215616
-57.847373,29.029690
-57.744092,28.843806
-57.641177,28.657658
-57.538695,28.471066
-57.434634,28.285553
-57.330758,28.100009
-57.228718,27.913603
-57.125760,27.727955
-57.022074,27.542678
-56.918735,27.356966
-56.816200,27.170592
-56.713194,26.984226
-56.608991,26.798475
-56.504415,26.612618
-56.399711,26.426822
-56.295288,26.241143
-56.189900,26.055946
-56.085773,25.869991
-55.981643,25.684256
-55.877346,25.498652
-55.772596,25.312710
-55.668697,25.126839
-55.564336,24.941394
-55.459376,24.756559
-55.353589,24.571644
-55.248276,24.385961
-55.143596,24.200265
-55.038176,24.014781
-54.932778,23.828690
-54.826322,23.643538
-54.720787,23.457388
-54.614194,23.272277
-54.507112,23.087595
-54.400345,22.902538
-54.293222,22.717706
-54.187897,22.531835
-54.080986,22.346968
-53.974725,22.161254
-53.867131,21.976203
-53.759483,21.791354
-53.652575,21.605729
-53.544004,21.420572
-53.436106,21.234947
-53.328770,21.049508
-53.220912,20.864612
-53.112905,20.679623
-53.004286,20.494666
-52.895365,20.309655
-52.787111,20.124109
-52.677954,19.939096
-52.569380,19.753782
-52.460347,19.569134
-52.351377,19.384291
-52.242429,19.199335
-52.132695,19.015026
-52.024561,18.829942
-51.915109,18.645223
-51.806509,18.460020
-51.696883,18.275663
-51.588548,18.090823
-51.479404,17.906775
-51.371843,17.721951
-51.264686,17.538655
-51.160332,17.356545
-51.055301,17.174731
-50.952387,16.993541
-50.852524,16.814340
-50.766861,16.632491
-50.688794,16.434835
-50.619826,16.243993
-50.531347,16.048882
-50.429829,15.865490
-50.327433,15.690274
-50.217977,15.508082
-50.114201,15.334170
-50.009936,15.156854
-49.904464,14.979609
-49.797179,14.802241
-49.689634,14.625814
-49.596559,14.447974
-49.519736,14.259729
-49.439700,14.062324
-49.351473,13.881698
-49.255095,13.700913
-49.152232,13.516716
-49.041317,13.337442
-48.927793,13.152699
-48.822712,12.978770
-48.723749,12.804427
-48.619499,12.631282
-48.518993,12.449542
-48.431590,12.266745
-48.339528,12.074241
-48.251758,11.891712
-48.150818,11.703513
-48.045224,11.514836
-47.935042,11.336188
-47.817633,11.158109
-47.704974,10.990181
-47.589327,10.819245
-47.476391,10.647706
-47.364555,10.475567
-47.254093,10.291405
-47.147804,10.118374
-47.037083,9.946876
-46.924657,9.775479
-46.810176,9.603784
-46.695357,9.431368
-46.577542,9.259220
-46.456909,9.086620
-46.335451,8.912426
-46.213169,8.736860
-46.090885,8.560838
-45.967940,8.384832
-45.844535,8.208642
-45.721089,8.032026
-45.597500,7.855230
-45.473837,7.678329
-45.350133,7.501370
-45.226407,7.324378
-45.102668,7.147368
-44.978921,6.970348
-44.855171,6.793322
-44.731419,6.616293
-44.607665,6.439262
-44.483911,6.262231
-44.360156,6.085198
-44.236401,5.908166
-44.112646,5.731133
-43.988891,5.554100
-43.864556,5.378043
-43.740855,5.202103
-43.616834,5.026472
-43.492780,4.850909
-43.368429,4.675214
-43.244058,4.499170
-43.119551,4.322976
-42.994979,4.146690
-42.870371,3.970353
-42.745742,3.793988
-42.621102,3.617607
-42.496456,3.441217
-42.371807,3.264822
-42.247155,3.088424
-42.122503,2.912025
-41.997790,2.735978
-41.872916,2.560700
-41.748319,2.384917
-41.623540,2.208972
-41.498683,2.032919
-41.373783,1.856806
-41.248860,1.680659
-41.123923,1.504494
-40.998978,1.328318
-40.874030,1.152136
-40.749079,0.975952
-40.624072,0.799912
-40.498598,0.624775
-40.373397,0.449398
-40.248018,0.273866
-40.122563,0.098232
-39.997065,-0.077460
-39.871545,-0.253184
-39.746012,-0.428927
-39.620472,-0.604679
-39.494934,-0.780181
-39.369120,-0.954465
-39.243817,-1.129051
-39.117750,-1.303461
-38.992052,-1.478354
-38.866241,-1.652956
-38.740487,-1.827871
-38.614546,-2.002928
-38.488740,-2.177649
-38.362710,-2.352064
-38.236229,-2.525971
-38.109504,-2.700190
-37.983214,-2.874685
-37.856773,-3.048770
-37.730165,-3.222691
-37.603253,-3.396133
-37.477019,-3.570204
-37.350002,-3.743591
-37.223136,-3.917545
-37.096021,-4.091204
-36.968988,-4.264800
-36.841418,-4.438177
-36.713848,-4.611861
-36.587181,-4.785538
-36.459105,-4.958173
-36.331781,-5.131393
-36.204651,-5.304127
-36.077766,-5.477056
-35.953350,-5.647492
-35.836631,-5.813362
-35.721325,-5.988086
-35.630096,-6.166725
-35.539114,-6.357751
-35.460909,-6.543427
-35.384380,-6.736993
-35.296666,-6.924505
-35.201045,-7.111944
-35.100620,-7.301593
-35.003075,-7.478106
-34.902792,-7.654796
-34.803464,-7.832845
-34.703149,-8.024494
-34.598815,-8.200455
-34.469138,-8.358305
-34.308847,-8.488545
-34.122046,-8.578451
-33.921284,-8.627337
-33.714687,-8.633444
-33.512020,-8.605143
-33.311307,-8.565674
-33.105932,-8.519113
-32.910995,-8.472027
-32.704196,-8.420590
-32.506381,-8.370995
-32.305436,-8.318330
-32.102603,-8.266354
-31.898654,-8.213691
-31.694449,-8.160445
-31.489442,-8.108730
-31.284509,-8.057779
-31.079986,-8.007412
-30.875914,-7.956195
-30.671776,-7.905466
-30.469035,-7.853964
-30.265837,-7.801442
-30.062415,-7.749456
-29.858915,-7.697123
-29.656349,-7.644430
-29.452306,-7.592638
-29.247828,-7.540311
-29.042984,-7.488601
-28.838068,-7.435788
-28.632606,-7.383724
-28.427824,-7.333375
-28.224532,-7.281523
-28.020714,-7.229033
-27.816364,-7.176282
-27.611531,-7.124119
-27.407557,-7.071254
-27.203173,-7.018292
-26.999388,-6.966565
-26.795428,-6.914653
-26.590676,-6.861951
-26.386474,-6.808835
-26.181871,-6.755521
-25.976979,-6.702933
-25.772454,-6.650745
-25.568459,-6.598544
-25.365676,-6.544927
-25.162587,-6.493220
-24.958446,-6.441303
-24.753716,-6.389730
-24.550319,-6.336367
-24.346281,-6.281631
-24.142333,-6.227664
-23.938832,-6.175438
-23.734584,-6.124879
-23.530781,-6.071963
-23.325979,-6.019422
-23.121121,-5.965696
-22.916515,-5.913731
-22.711664,-5.862388
-22.507012,-5.810308
-22.302469,-5.757108
-22.097580,-5.703060
-21.892999,-5.647808
-21.689098,-5.594719
-21.484937,-5.543277
-21.279751,-5.492250
-21.074680,-5.439998
-20.870604,-5.386433
-20.665767,-5.333410
-20.460441,-5.281874
-20.255481,-5.230597
-20.051071,-5.178269
-19.847216,-5.126596
-19.643123,-5.072910
-19.438154,-5.019157
-19.233177,-4.965206
-19.027986,-4.913320
-18.823969,-4.860032
-18.620118,-4.807014
-18.416547,-4.753477
-18.212750,-4.700949
-18.008189,-4.649363
-17.803733,-4.597493
-17.599543,-4.544453
-17.394664,-4.492090
-17.189757,-4.439219
-16.984297,-4.387579
-16.779538,-4.335168
-16.575805,-4.280711
-16.372442,-4.227799
-16.167919,-4.176281
-15.963738,-4.123329
-15.759693,-4.070034
-15.555310,-4.017444
-15.350542,-3.964741
-15.146396,-3.910754
-14.942882,-3.855908
-14.739783,-3.803037
-14.536053,-3.749442
-14.331498,-3.695824
-14.127158,-3.643308
-13.922681,-3.590455
-13.718714,-3.536240
-13.515702,-3.481959
-13.312252,-3.427546
-13.108245,-3.374437
-12.904138,-3.321713
-12.699373,-3.269994
-12.495311,-3.217667
-12.291038,-3.165180
-12.087767,-3.112046
-11.884237,-3.058217
-11.680516,-3.004361
-11.477638,-2.949723
-11.274169,-2.896046
-11.069293,-2.842982
-10.864911,-2.788671
-10.661610,-2.733041
-10.457687,-2.678707
-10.253503,-2.623756
-10.050496,-2.567012
-9.846803,-2.510870
-9.642344,-2.455699
-9.439046,-2.399553
-9.235129,-2.343185
-9.030325,-2.288414
-8.825051,-2.233976
-8.621210,-2.178248
-8.416990,-2.122107
-8.213424,-2.064500
-8.009274,-2.006188
-7.804337,-1.948906
-7.599020,-1.892516
-7.393861,-1.834765
-7.189660,-1.776182
-6.984692,-1.717555
-6.779884,-1.657202
-6.575111,-1.596052
-6.369930,-1.535050
-6.164444,-1.474848
-5.958605,-1.414289
-5.753012,-1.352085
-5.546873,-1.289938
-5.340431,-1.227727
-5.133824,-1.165468
-4.927125,-1.103182
-4.720376,-1.040880
-4.513597,-0.978569
-4.306803,-0.916254
-4.100000,-0.853936
-3.893193,-0.791616
-3.686382,-0.729296
-3.479570,-0.666975
-3.272757,-0.604654
-3.065944,-0.542333
-2.859130,-0.480012
-2.652316,-0.417690
-2.445502,-0.355369
-2.238688,-0.293048
-2.031874,-0.230726
-1.825060,-0.168405
-1.618246,-0.106083
-1.411432,-0.043762
-1.204618,0.018559
-0.997804,0.080881
-0.790990,0.143202
-0.584176,0.205523
